
-- SCR_ASSOCIATION_O2O_TEST_ENTITY
INSERT INTO SCR_ASSOCIATION_O2O_TEST_ENTITY (ID,NAME)
VALUES
('1a8f4cd6-bc3a-46ef-8816-dda6ad484137','ASSOCIATION-O2O-1'),
('41b2d8cd-4976-487c-9df7-4c8ec900bdf6','ASSOCIATION-O2O-2');

-- SCR_DATATYPES_TEST_ENTITY
INSERT INTO SCR_DATATYPES_TEST_ENTITY (ID, NAME,BIG_DECIMAL_ATTR, BOOLEAN_ATTR, DATE_ATTR, DATE_TIME_ATTR, DOUBLE_ATTR, INTEGER_ATTR, LONG_ATTR, STRING_ATTR, TIME_ATTR, UUID_ATTR, LOCAL_DATE_TIME_ATTR, OFFSET_DATE_TIME_ATTR, LOCAL_DATE_ATTR, LOCAL_TIME_ATTR, OFFSET_TIME_ATTR, ENUM_ATTR, ASSOCIATION_O2_OATTR_ID, ASSOCIATION_M2_OATTR_ID, COMPOSITION_O2_OATTR_ID)
VALUES
('032fd8a5-e042-4828-a802-36cbd2ce12de','Datatypes Test 1',9131354156.12,true,'2020-01-01','2020-01-01 11:11:11',32.521,10482,9223372036854775807,'Lorem Ipsum','11:11:11','c6a1cee6-f562-48a0-acbe-9625e0b278b1','2020-01-01 11:11:11','2020-01-01 11:11:11','2020-01-01','11:11:11','11:11:11','A',null,null,null),
('b1a1f3c9-6076-4725-8c4a-65a4267d15e1','Datatypes Test 2',-8273729824.34,false,'2020-02-02','2020-02-02 22:22:22',8234.3462,304221,984299284249651,'dolor sit amet','22:22:22','9b4188bf-c382-4b89-aedf-b6bcee6f2f76','2020-02-02 22:22:22','2020-02-02 22:22:22','2020-02-02','22:22:22','22:22:22','B',null,null,null),
('db9faa31-dfa3-4b97-943c-ba268888cdc3','Datatypes Test 3',0,null,'2020-03-03','2020-03-03 03:03:03',0,0,0,'','03:03:03','db9faa31-dfa3-4b97-943c-ba268888cdc3','2020-03-03 03:03:03','2020-03-03 03:03:03','2020-03-03','03:03:03','03:03:03',null,null,null,null),
('00000000-0000-0000-0000-000000000000','Datatypes Test 0',null,null,null,null,null,null,null,null,null,null,null,null,null,null,null,null,null,null,null);

-- SCR_ASSOCIATION_O2M_TEST_ENTITY
INSERT INTO SCR_ASSOCIATION_O2M_TEST_ENTITY (ID,NAME,DATATYPES_TEST_ENTITY_ID)
VALUES
('52a7b1e4-4727-4802-9eb2-b58bce0eaf6e','ASSOCIATION-O2M-1','032fd8a5-e042-4828-a802-36cbd2ce12de'),
('6eac3bce-f4b9-4c19-816c-3a06e0222cdb','ASSOCIATION-O2M-2','b1a1f3c9-6076-4725-8c4a-65a4267d15e1');


-- SCR_ASSOCIATION_M2M_TEST_ENTITY
INSERT INTO SCR_ASSOCIATION_M2M_TEST_ENTITY (ID,NAME)
VALUES
('fe66289d-bf1d-4777-90f7-788a1a4ed0fa','ASSOCIATION-M2M-1'),
('a13fe377-43a9-45e7-9b08-cefd4fac3761','ASSOCIATION-M2M-2'),
('8109ac31-9982-4156-ba30-a34591a4142b','ASSOCIATION-M2M-3');

-- SCR_ASSOCIATION_M2O_TEST_ENTITY
INSERT INTO SCR_ASSOCIATION_M2O_TEST_ENTITY (ID,NAME) 
VALUES 
('f6a3afc1-2c68-437c-9654-baf0035e34d0','ASSOCIATION-M2O-1'),
('dc9f6583-1262-40b2-857e-f9b0d85783bd','ASSOCIATION-M2O-2'),
('d5874d49-3b0f-4298-8e5e-f304597ae27c','ASSOCIATION-M2O-3');

-- SCR_COMPOSITION_O2O_TEST_ENTITY
INSERT INTO SCR_COMPOSITION_O2O_TEST_ENTITY (ID,NAME) 
VALUES 
('76b5eb8c-522c-40ab-bd00-c761353684b3','COMPOSITION-O2O-1'),
('b7cae0ab-7192-49de-9dcc-17e5db5c65c1','COMPOSITION-O2O-2');

-- SCR_COMPOSITION_O2M_TEST_ENTITY
INSERT INTO SCR_COMPOSITION_O2M_TEST_ENTITY (ID,NAME,DATATYPES_TEST_ENTITY_ID)
VALUES 
('6bea7f06-8247-4d80-85e9-0f4ddc6abf0a','COMPOSITION-O2M-1','032fd8a5-e042-4828-a802-36cbd2ce12de'),
('12221d3b-ef8f-4857-9865-8a02bfa500c1','COMPOSITION-O2M-2','b1a1f3c9-6076-4725-8c4a-65a4267d15e1'),
('719e54f2-0487-4286-bada-4ab59da2eafd','COMPOSITION-O2M-3','032fd8a5-e042-4828-a802-36cbd2ce12de'),
('3db9e36a-d17c-47c0-9fca-5779666f6cee','COMPOSITION-O2M-4','b1a1f3c9-6076-4725-8c4a-65a4267d15e1');

UPDATE SCR_DATATYPES_TEST_ENTITY SET
  ASSOCIATION_O2_OATTR_ID = '1a8f4cd6-bc3a-46ef-8816-dda6ad484137',
  ASSOCIATION_M2_OATTR_ID = 'f6a3afc1-2c68-437c-9654-baf0035e34d0',
  COMPOSITION_O2_OATTR_ID = '76b5eb8c-522c-40ab-bd00-c761353684b3'
WHERE ID = '032fd8a5-e042-4828-a802-36cbd2ce12de';

UPDATE SCR_DATATYPES_TEST_ENTITY SET
  ASSOCIATION_O2_OATTR_ID = '41b2d8cd-4976-487c-9df7-4c8ec900bdf6',
  ASSOCIATION_M2_OATTR_ID = 'dc9f6583-1262-40b2-857e-f9b0d85783bd',
  COMPOSITION_O2_OATTR_ID = 'b7cae0ab-7192-49de-9dcc-17e5db5c65c1'
WHERE ID = 'b1a1f3c9-6076-4725-8c4a-65a4267d15e1';

INSERT INTO SCR_DATATYPES_TEST_ENTITY_ASSOCIATION_M2M_TEST_ENTITY_LINK (DATATYPES_TEST_ENTITY_ID,ASSOCIATION_M2_M_TEST_ENTITY_ID)
VALUES
('032fd8a5-e042-4828-a802-36cbd2ce12de','fe66289d-bf1d-4777-90f7-788a1a4ed0fa'),
('032fd8a5-e042-4828-a802-36cbd2ce12de','a13fe377-43a9-45e7-9b08-cefd4fac3761'),
('b1a1f3c9-6076-4725-8c4a-65a4267d15e1','fe66289d-bf1d-4777-90f7-788a1a4ed0fa'),
('b1a1f3c9-6076-4725-8c4a-65a4267d15e1','a13fe377-43a9-45e7-9b08-cefd4fac3761'),
('b1a1f3c9-6076-4725-8c4a-65a4267d15e1','8109ac31-9982-4156-ba30-a34591a4142b');
